model_number,mean_precision,mean_recall,mean_roc_auc,mean_accuracy,mean_f1
model_2b,0.8872295890384702,0.7890185312285518,0.8474268640083836,0.7748883374689827,0.8352258581298201
