model_number,mean_precision,mean_recall,mean_roc_auc,mean_accuracy,mean_f1
model_2,0.7752419945021078,0.8238641798182688,0.7574848841975815,0.7297415135471815,0.7987998895639868
