model_number,mean_precision,mean_recall,mean_roc_auc,mean_accuracy,mean_f1
model_2a,0.6771508699345324,0.6916403785488959,0.6927394276861591,0.6615384615384615,0.6841781690911994
