model_number,mean_precision,mean_recall,mean_roc_auc,mean_accuracy,mean_f1
model_1,0.8595530082897133,0.8491623339110341,0.9158089664621294,0.8438804110868888,0.8543224030660045
