parameter,importance
cost_complexity,0.023145604545686062
tree_depth,0.0019659327519642496
min_n,7.801117253896827e-5
