parameter,importance
cost_complexity,0.017117908011827197
tree_depth,0.002839821962746636
min_n,1.6053594856465858e-4
