model_type,auc,precision,recall,accuracy,f1
xgboost,0.793515804992449,0.7110716400236826,0.7639949109414759,0.7126129140180663,0.7365838699785343
rf,0.785536766382764,0.7043580683156655,0.7608142493638677,0.7062562730010037,0.7314984709480122
