parameter,importance
cost_complexity,0.02149810368096886
tree_depth,0.0068798167891242325
min_n,5.0082002610569055e-5
