model_type,auc,precision,recall,accuracy,f1
xgboost,0.8626214771622935,0.7568807339449541,0.42091836734693877,0.8126463700234192,0.5409836065573771
rf,0.8609242676662502,0.8101983002832861,0.3647959183673469,0.8109735697557712,0.5030782761653474
