model_number,mean_precision,mean_recall,mean_roc_auc,mean_accuracy,mean_f1
model_1,0.8241828302953097,0.8397458116695552,0.8780381204427998,0.8170351915291186,0.8318807198823701
