model_number,mean_precision,mean_recall,mean_roc_auc,mean_accuracy,mean_f1
model_1,0.848838118619548,0.8475447718082033,0.909023246600153,0.8364372469635627,0.8481825165439675
