model_number,mean_precision,mean_recall,mean_roc_auc,mean_accuracy,mean_f1
model_2b,0.814094391924195,0.8713550600343053,0.7657368809802045,0.763095238095238,0.8417199747111378
