model_number,mean_precision,mean_recall,mean_roc_auc,mean_accuracy,mean_f1
model_1b,0.8946728209083262,0.8773717498243148,0.8927692493969726,0.8404466501240695,0.885914357103975
