model_number,mean_precision,mean_recall,mean_roc_auc,mean_accuracy,mean_f1
model_1b,0.8673734891548143,0.9314125087842586,0.8867241956468063,0.8509677419354839,0.8982415205487709
