parameter,importance
cost_complexity,0.005173602080573327
tree_depth,5.489788652784734e-4
min_n,3.259406448772451e-5
