model_type,auc,precision,recall,accuracy,f1
xgboost,0.8498516465147379,0.8273880775676322,0.9422028353326063,0.814807463279079,0.8810707456978968
rf,0.8335233107005549,0.8052339045854562,0.947928026172301,0.7951568082572449,0.8707738542449287
