model_number,mean_precision,mean_recall,mean_roc_auc,mean_accuracy,mean_f1
model_1a,0.5726211947508119,0.4616883116883117,0.7625866532116532,0.7726588628762542,0.5111449770410669
