model_number,mean_precision,mean_recall,mean_roc_auc,mean_accuracy,mean_f1
model_2b,0.7973385780566542,0.9496225120109815,0.8337485824212859,0.7890322580645162,0.8668370302600413
