parameter,importance
cost_complexity,0.008317145640201872
tree_depth,0.0013919362716816445
min_n,8.417583422552244e-5
