model_number,mean_precision,mean_recall,mean_roc_auc,mean_accuracy,mean_f1
model_1a,0.7986768207388555,0.35317073170731705,0.8492226983080642,0.810706817231284,0.48961485587294296
