parameter,importance
cost_complexity,0.014418563369276653
tree_depth,0.0015608413628878778
min_n,-4.262560518550818e-5
