model_number,mean_precision,mean_recall,mean_roc_auc,mean_accuracy,mean_f1
model_1a,0.5780007231075961,0.7255284552845529,0.8588346883468835,0.7930572982015893,0.6433320918695433
