model_number,mean_precision,mean_recall,mean_roc_auc,mean_accuracy,mean_f1
model_2,0.8489967661356265,0.7578670492587278,0.8365539493236319,0.754562441606976,0.8008396238923643
