model_number,mean_precision,mean_recall,mean_roc_auc,mean_accuracy,mean_f1
model_2a,0.7288056687701135,0.7039432176656152,0.7817581979635596,0.7040133779264214,0.7160950405332832
