model_number,mean_precision,mean_recall,mean_roc_auc,mean_accuracy,mean_f1
model_2,0.7715177076612653,0.8975609756097561,0.8268722031495525,0.7601993148551853,0.8297780828207018
