model_number,mean_precision,mean_recall,mean_roc_auc,mean_accuracy,mean_f1
model_2a,0.7071484808215494,0.739589905362776,0.7773140092279713,0.6994983277591973,0.7229567578463838
