model_type,auc,precision,recall,accuracy,f1
xgboost,0.8914067045053126,0.8608430675469781,0.9509116409537167,0.8564906709011513,0.9036385445821672
rf,0.8859933215837387,0.8674544053429232,0.9472650771388499,0.8602620087336245,0.9056047197640118
