model_number,mean_precision,mean_recall,mean_roc_auc,mean_accuracy,mean_f1
model_1b,0.8495691835402381,0.8998946259220232,0.8188537493756846,0.816765873015873,0.8739890726053425
